Job Title,Company,Location,Source,Job Link,
Open Source Collector (Discovery and Collections Specialist - Mid-Level) - NGA-STL,Masego Inc.,"St Louis, MO",LinkedIn,https://www.linkedin.com/jobs/view/open-source-collector-discovery-and-collections-specialist-mid-level-nga-stl-at-masego-inc-4159261575?position=1&pageNum=0&refId=8XDstk6yrFh64HM06EdMFQ%3D%3D&trackingId=TlyINKsnWm5SPAF8MV%2FIkw%3D%3D,
ETL Data Processing Programmer (Python),HedgeApple,"Lawrence, KS",LinkedIn,https://www.linkedin.com/jobs/view/etl-data-processing-programmer-python-at-hedgeapple-3787784128?position=2&pageNum=0&refId=8XDstk6yrFh64HM06EdMFQ%3D%3D&trackingId=rs%2BM8j9AcSJcF6VwN9QQEw%3D%3D,
Open Source Collector (Discovery and Collections Specialist - Mid-Level) - NGA-Washington,Masego Inc.,"Springfield, VA",LinkedIn,https://www.linkedin.com/jobs/view/open-source-collector-discovery-and-collections-specialist-mid-level-nga-washington-at-masego-inc-4159261667?position=3&pageNum=0&refId=8XDstk6yrFh64HM06EdMFQ%3D%3D&trackingId=WjYkClrmuBmK8ESZgNKXTQ%3D%3D,
Data Scientist,Redhorse Corporation,"Chantilly, VA",LinkedIn,https://www.linkedin.com/jobs/view/data-scientist-at-redhorse-corporation-4143051116?position=4&pageNum=0&refId=8XDstk6yrFh64HM06EdMFQ%3D%3D&trackingId=HWitZlL6N9MOqz6TIDzphg%3D%3D,
Software Engineer - AI Training Data,Voltai,"Palo Alto, CA",LinkedIn,https://www.linkedin.com/jobs/view/software-engineer-ai-training-data-at-voltai-4186286720?position=5&pageNum=0&refId=8XDstk6yrFh64HM06EdMFQ%3D%3D&trackingId=ZZjGy0LaJYngxdYagGIuBQ%3D%3D,
Software Engineer - AI Training Data,Voltai,San Francisco Bay Area,LinkedIn,https://www.linkedin.com/jobs/view/software-engineer-ai-training-data-at-voltai-4185906668?position=6&pageNum=0&refId=8XDstk6yrFh64HM06EdMFQ%3D%3D&trackingId=hr2lsjp5PbrOkgXjwZYjxw%3D%3D,
GTM Engineer,Databar.ai,United States,LinkedIn,https://www.linkedin.com/jobs/view/gtm-engineer-at-databar-ai-4183788096?position=7&pageNum=0&refId=8XDstk6yrFh64HM06EdMFQ%3D%3D&trackingId=xq%2FSnDPiXq6dLxwE6g2XnQ%3D%3D,
Data Engineer (Social Media),OP,"Lake Buena Vista, FL",LinkedIn,https://www.linkedin.com/jobs/view/data-engineer-social-media-at-op-4181942353?position=8&pageNum=0&refId=8XDstk6yrFh64HM06EdMFQ%3D%3D&trackingId=MzroQ%2B1fH9zTmKIBcFDR0w%3D%3D,
Growth Hacker,"Krossings, Inc.",United States,LinkedIn,https://www.linkedin.com/jobs/view/growth-hacker-at-krossings-inc-4176494290?position=9&pageNum=0&refId=8XDstk6yrFh64HM06EdMFQ%3D%3D&trackingId=zAyvfWkxRysbAiV2ihKniA%3D%3D,
Data Engineer, Vision,Reality Defender,"New York, NY",LinkedIn,https://www.linkedin.com/jobs/view/data-engineer-vision-at-reality-defender-4140318242?position=10&pageNum=0&refId=8XDstk6yrFh64HM06EdMFQ%3D%3D&trackingId=j%2BW5MIOcCxK74k4nZ3oi9A%3D%3D
Software Engineer, Data Platform,Middesk,"New York, NY",LinkedIn,https://www.linkedin.com/jobs/view/software-engineer-data-platform-at-middesk-4166181531?position=11&pageNum=0&refId=8XDstk6yrFh64HM06EdMFQ%3D%3D&trackingId=12Mpq6KAr6FqexI70%2F66Iw%3D%3D
Application Developer,CoTalent,"Boston, MA",LinkedIn,https://www.linkedin.com/jobs/view/application-developer-at-cotalent-4180562800?position=12&pageNum=0&refId=8XDstk6yrFh64HM06EdMFQ%3D%3D&trackingId=l%2BVfFL0p8fiCgT0L5FcbIA%3D%3D,
Lead Data Scraping & Enrichment Engineer â€“ Growth & Lead Acquisition (Python, React..),Groupon,United States,LinkedIn,https://www.linkedin.com/jobs/view/lead-data-scraping-enrichment-engineer-%E2%80%93-growth-lead-acquisition-python-react-at-groupon-4169614943?position=13&pageNum=0&refId=8XDstk6yrFh64HM06EdMFQ%3D%3D&trackingId=D%2FeqJT28d4eC8fjo1NOoEw%3D%3D
Data scientist,Colan Infotech Private Limited,"Elkhart County, IN",LinkedIn,https://www.linkedin.com/jobs/view/data-scientist-at-colan-infotech-private-limited-4176651185?position=14&pageNum=0&refId=8XDstk6yrFh64HM06EdMFQ%3D%3D&trackingId=ROSxCmctx%2Fs5oRK5VcsNfQ%3D%3D,
Growth Lead (SEO),daydream,"San Francisco, CA",LinkedIn,https://www.linkedin.com/jobs/view/growth-lead-seo-at-daydream-4075922371?position=15&pageNum=0&refId=8XDstk6yrFh64HM06EdMFQ%3D%3D&trackingId=jDiQbOElnFsaehm1r4%2F5hw%3D%3D,
Data Analyst,Hayes Locums,"Fort Lauderdale, FL",LinkedIn,https://www.linkedin.com/jobs/view/data-analyst-at-hayes-locums-4174487349?position=16&pageNum=0&refId=8XDstk6yrFh64HM06EdMFQ%3D%3D&trackingId=Lzeb66B5udxoPMvZIfP1Ww%3D%3D,
Senior AI/ML Engineer, Search,Zark Lab,United States,LinkedIn,https://www.linkedin.com/jobs/view/senior-ai-ml-engineer-search-at-zark-lab-4170962515?position=17&pageNum=0&refId=8XDstk6yrFh64HM06EdMFQ%3D%3D&trackingId=1c2aKRVvVdpRYMkh4cf8ng%3D%3D
Abuse and Fraud Analyst,HireArt,"San Francisco, CA",LinkedIn,https://www.linkedin.com/jobs/view/abuse-and-fraud-analyst-at-hireart-4150694374?position=18&pageNum=0&refId=8XDstk6yrFh64HM06EdMFQ%3D%3D&trackingId=CBjxY6gEtAy79kxJrrxGSg%3D%3D,
IT Marketing Analyst (Part-Time, Hourly),Meddkit,United States,LinkedIn,https://www.linkedin.com/jobs/view/it-marketing-analyst-part-time-hourly-at-meddkit-4170840748?position=19&pageNum=0&refId=8XDstk6yrFh64HM06EdMFQ%3D%3D&trackingId=rR29KqMsThxhtAPuPmVnhw%3D%3D
Clinical Recruiting Data Analyst,Hayes Locums,"Fort Lauderdale, FL",LinkedIn,https://www.linkedin.com/jobs/view/clinical-recruiting-data-analyst-at-hayes-locums-4164541414?position=20&pageNum=0&refId=8XDstk6yrFh64HM06EdMFQ%3D%3D&trackingId=DWM0qUJfADXk0BQAOnWhEQ%3D%3D,
Data Engineer (Remote),Elder Research,"Arlington, VA",LinkedIn,https://www.linkedin.com/jobs/view/data-engineer-remote-at-elder-research-4179107271?position=21&pageNum=0&refId=8XDstk6yrFh64HM06EdMFQ%3D%3D&trackingId=FTBRTFsJcGdLg4yFsYl13w%3D%3D,
Data Scientist,Artisan Partners,"Denver, CO",LinkedIn,https://www.linkedin.com/jobs/view/data-scientist-at-artisan-partners-4118115395?position=22&pageNum=0&refId=8XDstk6yrFh64HM06EdMFQ%3D%3D&trackingId=9pFpOT5UF7V4YbkHsZIExA%3D%3D,
Director of Software Engineering (Node.js & Web Scraping Expert),PortPro,"Los Angeles, CA",LinkedIn,https://www.linkedin.com/jobs/view/director-of-software-engineering-node-js-web-scraping-expert-at-portpro-4182127406?position=23&pageNum=0&refId=8XDstk6yrFh64HM06EdMFQ%3D%3D&trackingId=G6Mrd37aRfkhbDfzRRp1Yg%3D%3D,
Software Engineer - Pretraining Data,Magic,"San Francisco, CA",LinkedIn,https://www.linkedin.com/jobs/view/software-engineer-pretraining-data-at-magic-4064935590?position=24&pageNum=0&refId=8XDstk6yrFh64HM06EdMFQ%3D%3D&trackingId=2TPf1K%2B5wwkee2U%2FJQVyZg%3D%3D,
SWE Intern,Leafpress,"San Francisco, CA",LinkedIn,https://www.linkedin.com/jobs/view/swe-intern-at-leafpress-3924912790?position=25&pageNum=0&refId=8XDstk6yrFh64HM06EdMFQ%3D%3D&trackingId=YWp2enHjDkn4V9lD%2BBnUag%3D%3D,
Senior Data Engineer - Data Sourcing,Revelio Labs,"New York, NY",LinkedIn,https://www.linkedin.com/jobs/view/senior-data-engineer-data-sourcing-at-revelio-labs-4150327615?position=26&pageNum=0&refId=8XDstk6yrFh64HM06EdMFQ%3D%3D&trackingId=46L5c3S93ycexlDrsFfmLw%3D%3D,
Software Engineer - Pretraining Data,Magic,United States,LinkedIn,https://www.linkedin.com/jobs/view/software-engineer-pretraining-data-at-magic-4064941058?position=27&pageNum=0&refId=8XDstk6yrFh64HM06EdMFQ%3D%3D&trackingId=0xs70uBCZ1dWBIXOmAcZaA%3D%3D,
NASI - Quality Data Analyst,Subaru of America,"Merchantville, NJ",LinkedIn,https://www.linkedin.com/jobs/view/nasi-quality-data-analyst-at-subaru-of-america-4167030077?position=28&pageNum=0&refId=8XDstk6yrFh64HM06EdMFQ%3D%3D&trackingId=8noCsf9%2FylgpM9NqUD0%2FHg%3D%3D,
NASI - Quality Data Analyst,TieTalent,"New Jersey, United States",LinkedIn,https://www.linkedin.com/jobs/view/nasi-quality-data-analyst-at-tietalent-4187456375?position=29&pageNum=0&refId=8XDstk6yrFh64HM06EdMFQ%3D%3D&trackingId=yYUMmVwNvRoZr9YlLJpcww%3D%3D,
Data Scientist,Redhorse Corporation,"Virginia, United States",LinkedIn,https://www.linkedin.com/jobs/view/data-scientist-at-redhorse-corporation-4167994193?position=30&pageNum=0&refId=8XDstk6yrFh64HM06EdMFQ%3D%3D&trackingId=FXs3EK4fTQNlgRoYcCnCQg%3D%3D,
Data Science Intern - Data Parsing & Quality,HCM TradeSeal,"Michigan, United States",LinkedIn,https://www.linkedin.com/jobs/view/data-science-intern-data-parsing-quality-at-hcm-tradeseal-4187477669?position=31&pageNum=0&refId=8XDstk6yrFh64HM06EdMFQ%3D%3D&trackingId=2hqiT9e5d7YL0fmxHS%2BGYA%3D%3D,
Mid-level Data Engineer,Maverc Technologies,"Alexandria, VA",LinkedIn,https://www.linkedin.com/jobs/view/mid-level-data-engineer-at-maverc-technologies-4169629426?position=32&pageNum=0&refId=8XDstk6yrFh64HM06EdMFQ%3D%3D&trackingId=v3Dw834opMXNZRXutV64RA%3D%3D,
Data Analyst 1, SRS,Massachusetts Institute of Technology,"Cambridge, MA",LinkedIn,https://www.linkedin.com/jobs/view/data-analyst-1-srs-at-massachusetts-institute-of-technology-4180563966?position=33&pageNum=0&refId=8XDstk6yrFh64HM06EdMFQ%3D%3D&trackingId=%2FMrfQaWeIdOBn6eLkaE8xg%3D%3D
Lead Generation & Targeting Specialist,Alliance Franchise Brands,"Plymouth, MI",LinkedIn,https://www.linkedin.com/jobs/view/lead-generation-targeting-specialist-at-alliance-franchise-brands-4167233981?position=34&pageNum=0&refId=8XDstk6yrFh64HM06EdMFQ%3D%3D&trackingId=Vos7JU4BZ5wnt4yTZ8vOBg%3D%3D,
Data Analyst,Almo Corporation,"Philadelphia, PA",LinkedIn,https://www.linkedin.com/jobs/view/data-analyst-at-almo-corporation-4114623115?position=35&pageNum=0&refId=8XDstk6yrFh64HM06EdMFQ%3D%3D&trackingId=EsDn8fOq5TecwgZ6hBGpSQ%3D%3D,
Consumer and Product Insights Lead,Quince,"San Francisco, CA",LinkedIn,https://www.linkedin.com/jobs/view/consumer-and-product-insights-lead-at-quince-4046265048?position=36&pageNum=0&refId=8XDstk6yrFh64HM06EdMFQ%3D%3D&trackingId=o2vIHmgnxIz8BLpqk%2FZ0Gg%3D%3D,
Data Scientist,K&K Global Talent Solutions INC.,United States,LinkedIn,https://www.linkedin.com/jobs/view/data-scientist-at-k-k-global-talent-solutions-inc-4187653821?position=37&pageNum=0&refId=8XDstk6yrFh64HM06EdMFQ%3D%3D&trackingId=XbnDxGEkBEclJXlpcX5C0A%3D%3D,
Software Engineer,Acceler8 Talent,San Francisco Bay Area,LinkedIn,https://www.linkedin.com/jobs/view/software-engineer-at-acceler8-talent-3969252794?position=38&pageNum=0&refId=8XDstk6yrFh64HM06EdMFQ%3D%3D&trackingId=UzhbkMRdpY5pTjSdjHx50w%3D%3D,
2025 Summer Intern, Web AI Agent Research Engineer,Samsung Research America (SRA),"Mountain View, CA",LinkedIn,https://www.linkedin.com/jobs/view/2025-summer-intern-web-ai-agent-research-engineer-at-samsung-research-america-sra-4138819054?position=39&pageNum=0&refId=8XDstk6yrFh64HM06EdMFQ%3D%3D&trackingId=0VB6IiXM9VEwV3JG0GNvMw%3D%3D
Data Engineering Manager (Web Scrapping) â”‚ Tier 1 Prop Trading Firm â”‚ New York â”‚ Up to $700k (TC),Search Technology,New York City Metropolitan Area,LinkedIn,https://www.linkedin.com/jobs/view/data-engineering-manager-web-scrapping-%E2%94%82-tier-1-prop-trading-firm-%E2%94%82-new-york-%E2%94%82-up-to-%24700k-tc-at-search-technology-4168733299?position=40&pageNum=0&refId=8XDstk6yrFh64HM06EdMFQ%3D%3D&trackingId=URNTWAjH2akWt5UwFtp8qw%3D%3D,
Mid-Level Data Engineer,Redhorse Corporation,"Falls Church, VA",LinkedIn,https://www.linkedin.com/jobs/view/mid-level-data-engineer-at-redhorse-corporation-4120251255?position=41&pageNum=0&refId=8XDstk6yrFh64HM06EdMFQ%3D%3D&trackingId=khkreTuCPUY19gHHniOunQ%3D%3D,
Software Engineer, Data Platform,Middesk,"New York, United States",LinkedIn,https://www.linkedin.com/jobs/view/software-engineer-data-platform-at-middesk-4080648273?position=42&pageNum=0&refId=8XDstk6yrFh64HM06EdMFQ%3D%3D&trackingId=%2B2KFUljf8fhodJ9r%2B1jJHg%3D%3D
Demo Engineer,Shaped,"New York, NY",LinkedIn,https://www.linkedin.com/jobs/view/demo-engineer-at-shaped-4130601480?position=43&pageNum=0&refId=8XDstk6yrFh64HM06EdMFQ%3D%3D&trackingId=pn8yqfwa3wP7ZhM9TtG%2BRg%3D%3D,
Director Data Science,Gravity IT Resources,"Cincinnati, OH",LinkedIn,https://www.linkedin.com/jobs/view/director-data-science-at-gravity-it-resources-4158620074?position=44&pageNum=0&refId=8XDstk6yrFh64HM06EdMFQ%3D%3D&trackingId=45l0V7kY5P%2B70ObA6e1Qcw%3D%3D,
Software Engineer, Data Platform,Middesk,"San Francisco, CA",LinkedIn,https://www.linkedin.com/jobs/view/software-engineer-data-platform-at-middesk-4080216832?position=45&pageNum=0&refId=8XDstk6yrFh64HM06EdMFQ%3D%3D&trackingId=noF7URXvP5%2FNImUoaNr3Tg%3D%3D
Data Engineer (Hybrid),Elder Research,"Arlington, VA",LinkedIn,https://www.linkedin.com/jobs/view/data-engineer-hybrid-at-elder-research-4115777013?position=46&pageNum=0&refId=8XDstk6yrFh64HM06EdMFQ%3D%3D&trackingId=ASYJ1sOE9hIuf0bpq3ts4g%3D%3D,
Python Developer,Precision Technologies,"New Jersey, United States",LinkedIn,https://www.linkedin.com/jobs/view/python-developer-at-precision-technologies-4183353517?position=47&pageNum=0&refId=8XDstk6yrFh64HM06EdMFQ%3D%3D&trackingId=vL4mqLxWH2%2FJNK%2Bph0HCMw%3D%3D,
Junior Software Developer - Open Source Focus,Neural Solutions,"Maryland, United States",LinkedIn,https://www.linkedin.com/jobs/view/junior-software-developer-open-source-focus-at-neural-solutions-4171219831?position=48&pageNum=0&refId=8XDstk6yrFh64HM06EdMFQ%3D%3D&trackingId=GE8IEeqHupPgsux1TSvEXA%3D%3D,
Pricing Automation Engineer,Wrist Aficionado,"New York, NY",LinkedIn,https://www.linkedin.com/jobs/view/pricing-automation-engineer-at-wrist-aficionado-4188224409?position=49&pageNum=0&refId=8XDstk6yrFh64HM06EdMFQ%3D%3D&trackingId=2%2Bgxm8PTK%2BXww9svt%2Bo0VA%3D%3D,
100% Remote NICE Data Engineer,Jobs via Dice,"Alaska, United States",LinkedIn,https://www.linkedin.com/jobs/view/100%25-remote-nice-data-engineer-at-jobs-via-dice-4185400336?position=50&pageNum=0&refId=8XDstk6yrFh64HM06EdMFQ%3D%3D&trackingId=%2Bz%2BngKmq1Zav2fGIEE%2BBQA%3D%3D,
Junior Software Developer - Open Source Focus,Neural Solutions,"Baltimore, MD",LinkedIn,https://www.linkedin.com/jobs/view/junior-software-developer-open-source-focus-at-neural-solutions-4112269215?position=51&pageNum=0&refId=8XDstk6yrFh64HM06EdMFQ%3D%3D&trackingId=Y%2FxAgpxad2yvT2bjGC%2BiUA%3D%3D,
Sr. Data Engineer,Revic AI,"San Francisco, CA",LinkedIn,https://www.linkedin.com/jobs/view/sr-data-engineer-at-revic-ai-4187285682?position=52&pageNum=0&refId=8XDstk6yrFh64HM06EdMFQ%3D%3D&trackingId=kbLA%2Fvm4iYxyGCC%2FILkcmQ%3D%3D,
Developer, Graphics (Remote),The Athletic,United States,LinkedIn,https://www.linkedin.com/jobs/view/developer-graphics-remote-at-the-athletic-4120213904?position=53&pageNum=0&refId=8XDstk6yrFh64HM06EdMFQ%3D%3D&trackingId=4I6v5yjMqseFtcVFU%2Bs2Nw%3D%3D
Staff Data Engineer,brightwheel,United States,LinkedIn,https://www.linkedin.com/jobs/view/staff-data-engineer-at-brightwheel-4153488636?position=54&pageNum=0&refId=8XDstk6yrFh64HM06EdMFQ%3D%3D&trackingId=hmkuOszGMrBYbxRJRrid6w%3D%3D,
Experienced Associate - Equity Research, IT Services,Guggenheim Securities,"New York, NY",LinkedIn,https://www.linkedin.com/jobs/view/experienced-associate-equity-research-it-services-at-guggenheim-securities-4184968157?position=55&pageNum=0&refId=8XDstk6yrFh64HM06EdMFQ%3D%3D&trackingId=cJGEeC6UUt2A%2F5BgVwvFFQ%3D%3D
Senior Software Engineer (Hybrid/ In-office),Black Book,"Lawrenceville, GA",LinkedIn,https://www.linkedin.com/jobs/view/senior-software-engineer-hybrid-in-office-at-black-book-4133514752?position=56&pageNum=0&refId=8XDstk6yrFh64HM06EdMFQ%3D%3D&trackingId=k5yAyP5DkqLmHzfikb1F4w%3D%3D,
Data Analyst,S&P Global,"Monterey, CA",LinkedIn,https://www.linkedin.com/jobs/view/data-analyst-at-s-p-global-4178560022?position=57&pageNum=0&refId=8XDstk6yrFh64HM06EdMFQ%3D%3D&trackingId=%2FzLottwRm4C4sQVSczvVww%3D%3D,
AI & SEO Content Optimization Intern,HP,"Spring, TX",LinkedIn,https://www.linkedin.com/jobs/view/ai-seo-content-optimization-intern-at-hp-4181739746?position=58&pageNum=0&refId=8XDstk6yrFh64HM06EdMFQ%3D%3D&trackingId=cgq2S9RqVgRsO8j4TQgTrA%3D%3D,
Software Engineer,Corgi (YC S24),"San Francisco, CA",LinkedIn,https://www.linkedin.com/jobs/view/software-engineer-at-corgi-yc-s24-4161664259?position=59&pageNum=0&refId=8XDstk6yrFh64HM06EdMFQ%3D%3D&trackingId=AvGot1ug04Mx28dqfW71eg%3D%3D,
Senior Pricing Data Scientist,"AmTrust Financial Services, Inc.",United States,LinkedIn,https://www.linkedin.com/jobs/view/senior-pricing-data-scientist-at-amtrust-financial-services-inc-4081324336?position=60&pageNum=0&refId=8XDstk6yrFh64HM06EdMFQ%3D%3D&trackingId=Hr61F%2FC9CE%2F1XYAMq7Ee3Q%3D%3D,
Senior Data Engineer - Data Sourcing,Revelio Labs,"New York, NY",LinkedIn,https://www.linkedin.com/jobs/view/senior-data-engineer-data-sourcing-at-revelio-labs-4150327615?position=1&pageNum=2&refId=Jo%2Fu4ZxPZJv1uqyLlu9%2BVA%3D%3D&trackingId=fw%2BisV1ESqSRj055OSsfhw%3D%3D,
Software Engineer - Pretraining Data,Magic,United States,LinkedIn,https://www.linkedin.com/jobs/view/software-engineer-pretraining-data-at-magic-4064941058?position=2&pageNum=2&refId=Jo%2Fu4ZxPZJv1uqyLlu9%2BVA%3D%3D&trackingId=X5K0uKCk0pmGJbGfETMMEQ%3D%3D,
NASI - Quality Data Analyst,Subaru of America,"Merchantville, NJ",LinkedIn,https://www.linkedin.com/jobs/view/nasi-quality-data-analyst-at-subaru-of-america-4167030077?position=3&pageNum=2&refId=Jo%2Fu4ZxPZJv1uqyLlu9%2BVA%3D%3D&trackingId=3zXQSlyVgm4kqz3i2pjBWA%3D%3D,
NASI - Quality Data Analyst,TieTalent,"New Jersey, United States",LinkedIn,https://www.linkedin.com/jobs/view/nasi-quality-data-analyst-at-tietalent-4187456375?position=4&pageNum=2&refId=Jo%2Fu4ZxPZJv1uqyLlu9%2BVA%3D%3D&trackingId=0WV9URM%2FlX1eCFkTZYXq0A%3D%3D,
Data Scientist,Redhorse Corporation,"Virginia, United States",LinkedIn,https://www.linkedin.com/jobs/view/data-scientist-at-redhorse-corporation-4167994193?position=5&pageNum=2&refId=Jo%2Fu4ZxPZJv1uqyLlu9%2BVA%3D%3D&trackingId=VDmchDiGE50EjnOsHGJ6YA%3D%3D,
Data Science Intern - Data Parsing & Quality,HCM TradeSeal,"Michigan, United States",LinkedIn,https://www.linkedin.com/jobs/view/data-science-intern-data-parsing-quality-at-hcm-tradeseal-4187477669?position=6&pageNum=2&refId=Jo%2Fu4ZxPZJv1uqyLlu9%2BVA%3D%3D&trackingId=lLMpuCrA1ibTOby2mWRwkQ%3D%3D,
Mid-level Data Engineer,Maverc Technologies,"Alexandria, VA",LinkedIn,https://www.linkedin.com/jobs/view/mid-level-data-engineer-at-maverc-technologies-4169629426?position=7&pageNum=2&refId=Jo%2Fu4ZxPZJv1uqyLlu9%2BVA%3D%3D&trackingId=gdiz6ep5BjnNckkuOfa3KA%3D%3D,
Data Analyst 1, SRS,Massachusetts Institute of Technology,"Cambridge, MA",LinkedIn,https://www.linkedin.com/jobs/view/data-analyst-1-srs-at-massachusetts-institute-of-technology-4180563966?position=8&pageNum=2&refId=Jo%2Fu4ZxPZJv1uqyLlu9%2BVA%3D%3D&trackingId=JumGKhf6K9ZEFAEux6f3fQ%3D%3D
Lead Generation & Targeting Specialist,Alliance Franchise Brands,"Plymouth, MI",LinkedIn,https://www.linkedin.com/jobs/view/lead-generation-targeting-specialist-at-alliance-franchise-brands-4167233981?position=9&pageNum=2&refId=Jo%2Fu4ZxPZJv1uqyLlu9%2BVA%3D%3D&trackingId=UdPq6wMJWxPJkfjf46W%2BUg%3D%3D,
Data Analyst,Almo Corporation,"Philadelphia, PA",LinkedIn,https://www.linkedin.com/jobs/view/data-analyst-at-almo-corporation-4114623115?position=10&pageNum=2&refId=Jo%2Fu4ZxPZJv1uqyLlu9%2BVA%3D%3D&trackingId=hdRR7DbaHnEC7r6NoJFOgQ%3D%3D,
Junior Software Developer - Open Source Focus,Neural Solutions,"Baltimore, MD",LinkedIn,https://www.linkedin.com/jobs/view/junior-software-developer-open-source-focus-at-neural-solutions-4112269215?position=1&pageNum=5&refId=YqtF1ZViL17QRVuOxtpG%2FA%3D%3D&trackingId=tLinIR3CbPvN6TExFwDGWw%3D%3D,
Sr. Data Engineer,Revic AI,"San Francisco, CA",LinkedIn,https://www.linkedin.com/jobs/view/sr-data-engineer-at-revic-ai-4187285682?position=2&pageNum=5&refId=YqtF1ZViL17QRVuOxtpG%2FA%3D%3D&trackingId=CfEoLJhWAPaAiyhBkG9E8g%3D%3D,
Developer, Graphics (Remote),The Athletic,United States,LinkedIn,https://www.linkedin.com/jobs/view/developer-graphics-remote-at-the-athletic-4120213904?position=3&pageNum=5&refId=YqtF1ZViL17QRVuOxtpG%2FA%3D%3D&trackingId=mLqaCc0mq7brHFyniqAFpg%3D%3D
Staff Data Engineer,brightwheel,United States,LinkedIn,https://www.linkedin.com/jobs/view/staff-data-engineer-at-brightwheel-4153488636?position=4&pageNum=5&refId=YqtF1ZViL17QRVuOxtpG%2FA%3D%3D&trackingId=rKnPNC5XUM%2FMCyqgp5GKfw%3D%3D,
Experienced Associate - Equity Research, IT Services,Guggenheim Securities,"New York, NY",LinkedIn,https://www.linkedin.com/jobs/view/experienced-associate-equity-research-it-services-at-guggenheim-securities-4184968157?position=5&pageNum=5&refId=YqtF1ZViL17QRVuOxtpG%2FA%3D%3D&trackingId=hrIkTjLjaTImz3hj92lI%2FQ%3D%3D
Senior Software Engineer (Hybrid/ In-office),Black Book,"Lawrenceville, GA",LinkedIn,https://www.linkedin.com/jobs/view/senior-software-engineer-hybrid-in-office-at-black-book-4133514752?position=6&pageNum=5&refId=YqtF1ZViL17QRVuOxtpG%2FA%3D%3D&trackingId=V8Z4waDOL9S4pVxFNWj23g%3D%3D,
Data Analyst,S&P Global,"Monterey, CA",LinkedIn,https://www.linkedin.com/jobs/view/data-analyst-at-s-p-global-4178560022?position=7&pageNum=5&refId=YqtF1ZViL17QRVuOxtpG%2FA%3D%3D&trackingId=blKxzxguPp1GixL52d71Lw%3D%3D,
AI & SEO Content Optimization Intern,HP,"Spring, TX",LinkedIn,https://www.linkedin.com/jobs/view/ai-seo-content-optimization-intern-at-hp-4181739746?position=8&pageNum=5&refId=YqtF1ZViL17QRVuOxtpG%2FA%3D%3D&trackingId=B5qWjLuCywdU%2Fn38BY%2BiVw%3D%3D,
Software Engineer,Corgi (YC S24),"San Francisco, CA",LinkedIn,https://www.linkedin.com/jobs/view/software-engineer-at-corgi-yc-s24-4161664259?position=9&pageNum=5&refId=YqtF1ZViL17QRVuOxtpG%2FA%3D%3D&trackingId=3EItDNm7Kx%2F1%2FRtXkLkbtw%3D%3D,
Senior Pricing Data Scientist,"AmTrust Financial Services, Inc.",United States,LinkedIn,https://www.linkedin.com/jobs/view/senior-pricing-data-scientist-at-amtrust-financial-services-inc-4081324336?position=10&pageNum=5&refId=YqtF1ZViL17QRVuOxtpG%2FA%3D%3D&trackingId=26wiVTLdq3oZi2d%2B%2BAnFCA%3D%3D,
Sr. Software Engineer - Attack Analyzer,Splunk,"Georgia, United States",LinkedIn,https://www.linkedin.com/jobs/view/sr-software-engineer-attack-analyzer-at-splunk-4095351506?position=1&pageNum=7&refId=6G63BalkCWdt0OnOsX8A3Q%3D%3D&trackingId=gW8TdlAfVI6AsiP0eOqNyA%3D%3D,
Sr. Software Engineer - Attack Analyzer,Splunk,"Oregon, United States",LinkedIn,https://www.linkedin.com/jobs/view/sr-software-engineer-attack-analyzer-at-splunk-4095348707?position=2&pageNum=7&refId=6G63BalkCWdt0OnOsX8A3Q%3D%3D&trackingId=I1Cq1pynFbKHDKYH1psKcQ%3D%3D,
Sr. Python Developer (remote),Claritev,"New York, NY",LinkedIn,https://www.linkedin.com/jobs/view/sr-python-developer-remote-at-claritev-4184684285?position=3&pageNum=7&refId=6G63BalkCWdt0OnOsX8A3Q%3D%3D&trackingId=RgN0v61Hzz8XDg01JHaVCw%3D%3D,
Sr. Software Engineer - Attack Analyzer,Splunk,"Ohio, United States",LinkedIn,https://www.linkedin.com/jobs/view/sr-software-engineer-attack-analyzer-at-splunk-4095350582?position=4&pageNum=7&refId=6G63BalkCWdt0OnOsX8A3Q%3D%3D&trackingId=iLfnVCDi1ThUbUBRu1MKqg%3D%3D,
Sr. Software Engineer - Attack Analyzer,Splunk,"North Carolina, United States",LinkedIn,https://www.linkedin.com/jobs/view/sr-software-engineer-attack-analyzer-at-splunk-4095353318?position=5&pageNum=7&refId=6G63BalkCWdt0OnOsX8A3Q%3D%3D&trackingId=GU6IBUQ%2BKwQcvE1WuCZu2Q%3D%3D,
Senior Data Collection Engineer,Strider Technologies,"Tysons Corner, VA",LinkedIn,https://www.linkedin.com/jobs/view/senior-data-collection-engineer-at-strider-technologies-4067448921?position=6&pageNum=7&refId=6G63BalkCWdt0OnOsX8A3Q%3D%3D&trackingId=GbcUNYH9KPcazJp1AXdTAg%3D%3D,
Sr. Software Engineer - Attack Analyzer,Splunk,"Illinois, United States",LinkedIn,https://www.linkedin.com/jobs/view/sr-software-engineer-attack-analyzer-at-splunk-4095352323?position=7&pageNum=7&refId=6G63BalkCWdt0OnOsX8A3Q%3D%3D&trackingId=uiTcVtpDQvh%2FFH3IugY9xA%3D%3D,
Mid-Level Data Engineer,Redhorse Corporation,"Virginia, United States",LinkedIn,https://www.linkedin.com/jobs/view/mid-level-data-engineer-at-redhorse-corporation-4180085743?position=8&pageNum=7&refId=6G63BalkCWdt0OnOsX8A3Q%3D%3D&trackingId=34shCFLB1qp4VbOjdKo9zA%3D%3D,
Statistical Analyst II,Blue Star Partners,"Columbus, OH",LinkedIn,https://www.linkedin.com/jobs/view/statistical-analyst-ii-at-blue-star-partners-4158914827?position=9&pageNum=7&refId=6G63BalkCWdt0OnOsX8A3Q%3D%3D&trackingId=Qie%2FDrEWP%2F9cj8v8eHJLwA%3D%3D,
Founding Software Engineer,daydream,"San Francisco, CA",LinkedIn,https://www.linkedin.com/jobs/view/founding-software-engineer-at-daydream-4166872578?position=10&pageNum=7&refId=6G63BalkCWdt0OnOsX8A3Q%3D%3D&trackingId=4yBWhrs%2BS3E9whXTSCNe3A%3D%3D,
Sr. Software Engineer - Attack Analyzer,Splunk,"South Carolina, United States",LinkedIn,https://www.linkedin.com/jobs/view/sr-software-engineer-attack-analyzer-at-splunk-4095352321?position=1&pageNum=10&refId=whcQiRPCR8JyOs6LqmVVIg%3D%3D&trackingId=bsB5OogyEzBjrBpTM1quBw%3D%3D,
Senior Data Engineer,Chubb,"Whitehouse Station, NJ",LinkedIn,https://www.linkedin.com/jobs/view/senior-data-engineer-at-chubb-4132957255?position=2&pageNum=10&refId=whcQiRPCR8JyOs6LqmVVIg%3D%3D&trackingId=%2B7NpYcqQTEXbhEJeDO0huw%3D%3D,
Sr. RevOps Consultant (Clay expert),Go Nimbly,"Boston, MA",LinkedIn,https://www.linkedin.com/jobs/view/sr-revops-consultant-clay-expert-at-go-nimbly-4184289710?position=3&pageNum=10&refId=whcQiRPCR8JyOs6LqmVVIg%3D%3D&trackingId=EDS4Xn2YRL96yEQKFve1aQ%3D%3D,
Director Customer Success,Nimble,"New York, United States",LinkedIn,https://www.linkedin.com/jobs/view/director-customer-success-at-nimble-4183773282?position=4&pageNum=10&refId=whcQiRPCR8JyOs6LqmVVIg%3D%3D&trackingId=yBVd1p%2BKDn50kwS5MMgO%2Fg%3D%3D,
Founding Engineer (Frontend),Sola,"Jersey City, NJ",LinkedIn,https://www.linkedin.com/jobs/view/founding-engineer-frontend-at-sola-3795745978?position=5&pageNum=10&refId=whcQiRPCR8JyOs6LqmVVIg%3D%3D&trackingId=889SrR%2BJy%2F%2F9kbkWAehvEg%3D%3D,
Sr. RevOps Consultant (Clay expert),Go Nimbly,"San Francisco, CA",LinkedIn,https://www.linkedin.com/jobs/view/sr-revops-consultant-clay-expert-at-go-nimbly-4184292385?position=6&pageNum=10&refId=whcQiRPCR8JyOs6LqmVVIg%3D%3D&trackingId=WH7jpODzr0i22mEtVIFGPQ%3D%3D,
Sr. RevOps Consultant (Clay expert),Go Nimbly,"San Francisco, CA",LinkedIn,https://www.linkedin.com/jobs/view/sr-revops-consultant-clay-expert-at-go-nimbly-4184290667?position=7&pageNum=10&refId=whcQiRPCR8JyOs6LqmVVIg%3D%3D&trackingId=i2rSzo%2FKsMKSbt%2FRB3QttQ%3D%3D,
Contract Software Engineer â€“ AI-Powered Automation for Healthcare Operations,ANNA (Allied Network for Neurodevelopmental Advancement),United States,LinkedIn,https://www.linkedin.com/jobs/view/contract-software-engineer-%E2%80%93-ai-powered-automation-for-healthcare-operations-at-anna-allied-network-for-neurodevelopmental-advancement-4174183770?position=8&pageNum=10&refId=whcQiRPCR8JyOs6LqmVVIg%3D%3D&trackingId=Ta3sHHVnb2N1bYb36YXdPQ%3D%3D,
Research Data Scientist,"University of California, Riverside","Riverside County, CA",LinkedIn,https://www.linkedin.com/jobs/view/research-data-scientist-at-university-of-california-riverside-4045967601?position=9&pageNum=10&refId=whcQiRPCR8JyOs6LqmVVIg%3D%3D&trackingId=onY%2FCy1Rnocu8%2FqaVnAKzw%3D%3D,
Lead, Software Engineer,InMoment,United States,LinkedIn,https://www.linkedin.com/jobs/view/lead-software-engineer-at-inmoment-4139694812?position=10&pageNum=10&refId=whcQiRPCR8JyOs6LqmVVIg%3D%3D&trackingId=TmYrK0ha8J4qP%2BJhUDpVnQ%3D%3D
Senior RPA Software Engineer,Citizens Property Insurance Corporation,"Jacksonville, FL",LinkedIn,https://www.linkedin.com/jobs/view/senior-rpa-software-engineer-at-citizens-property-insurance-corporation-4114557603?position=1&pageNum=12&refId=3NOSD45vc8%2Fuv6zS%2B%2FDeRA%3D%3D&trackingId=0n2QBLpGjGDOwAElyPbXng%3D%3D,
Pricing Manager,The Timken Company,"North Canton, OH",LinkedIn,https://www.linkedin.com/jobs/view/pricing-manager-at-the-timken-company-4036891817?position=2&pageNum=12&refId=3NOSD45vc8%2Fuv6zS%2B%2FDeRA%3D%3D&trackingId=nhC8jO44GD%2FnVgG8WEfqYA%3D%3D,
Customer Success Engineer,SerpApi,United States,LinkedIn,https://www.linkedin.com/jobs/view/customer-success-engineer-at-serpapi-4093893370?position=3&pageNum=12&refId=3NOSD45vc8%2Fuv6zS%2B%2FDeRA%3D%3D&trackingId=Ev%2Fcgd43zep08u90ZhZJJg%3D%3D,
Principal Backend Engineer â€“ Early-Stage AI Startup,Stealth Startup,"New York, NY",LinkedIn,https://www.linkedin.com/jobs/view/principal-backend-engineer-%E2%80%93-early-stage-ai-startup-at-stealth-startup-4182699055?position=4&pageNum=12&refId=3NOSD45vc8%2Fuv6zS%2B%2FDeRA%3D%3D&trackingId=e5pvZ2H1i2jB%2FKdxQCY0iQ%3D%3D,
Senior Data Engineer,Empower Pharmacy,United States,LinkedIn,https://www.linkedin.com/jobs/view/senior-data-engineer-at-empower-pharmacy-4172561829?position=5&pageNum=12&refId=3NOSD45vc8%2Fuv6zS%2B%2FDeRA%3D%3D&trackingId=%2BCSQ7RyIBAHZaovG9WqEeg%3D%3D,
Data Scientist Incident Response,SAIC,"Halawa Heights, HI",LinkedIn,https://www.linkedin.com/jobs/view/data-scientist-incident-response-at-saic-4170215528?position=6&pageNum=12&refId=3NOSD45vc8%2Fuv6zS%2B%2FDeRA%3D%3D&trackingId=J0nsM7mK7XoZ2ebMsCgjqA%3D%3D,
AWS Python Developer,Accenture Federal Services,"Chantilly, VA",LinkedIn,https://www.linkedin.com/jobs/view/aws-python-developer-at-accenture-federal-services-4012930572?position=7&pageNum=12&refId=3NOSD45vc8%2Fuv6zS%2B%2FDeRA%3D%3D&trackingId=cmyoM2prROjaKNxwMxSOqw%3D%3D,
CYBER ALL SOURCE THREAT ANALYST,Quantum Research International,"Alabama, United States",LinkedIn,https://www.linkedin.com/jobs/view/cyber-all-source-threat-analyst-at-quantum-research-international-4183023269?position=8&pageNum=12&refId=3NOSD45vc8%2Fuv6zS%2B%2FDeRA%3D%3D&trackingId=KguhSZvuNrhrEWI6A%2BDwZw%3D%3D,
Competitive Intelligence Analyst,Versaterm,"Mesa, AZ",LinkedIn,https://www.linkedin.com/jobs/view/competitive-intelligence-analyst-at-versaterm-4125125471?position=9&pageNum=12&refId=3NOSD45vc8%2Fuv6zS%2B%2FDeRA%3D%3D&trackingId=MFQoFnXnFLcdePg5qMNsLw%3D%3D,
Tech lead / Senior Backend Engineer,BlueCargo,"New York, NY",LinkedIn,https://www.linkedin.com/jobs/view/tech-lead-senior-backend-engineer-at-bluecargo-3955408013?position=10&pageNum=12&refId=3NOSD45vc8%2Fuv6zS%2B%2FDeRA%3D%3D&trackingId=ZznKivJBq%2BUzVvMSVuwFGQ%3D%3D,
